"category","content","vet_id"
"reason_for_ultrasound","Posible Cuerpo Extraño a Nivel Intestinal","da07b0a1-53a8-42db-9c7a-748415bf9734"
"gallbladder","Distención moderada","da07b0a1-53a8-42db-9c7a-748415bf9734"
"gallbladder","Contenido anecoico normal","da07b0a1-53a8-42db-9c7a-748415bf9734"
"gallbladder","Pared conservada","da07b0a1-53a8-42db-9c7a-748415bf9734"
"right_kidney","Conserva buena relación y diferenciación corticomedular","da07b0a1-53a8-42db-9c7a-748415bf9734"
"spleen","Eplenometria alcanzando un espesor de hasta __ mm","da07b0a1-53a8-42db-9c7a-748415bf9734"
"reason_for_ultrasound","Posibles Parásitos","da07b0a1-53a8-42db-9c7a-748415bf9734"
"liver","Higado Graso","da07b0a1-53a8-42db-9c7a-748415bf9734"
"species","Canino","da07b0a1-53a8-42db-9c7a-748415bf9734"
"species","Felino","da07b0a1-53a8-42db-9c7a-748415bf9734"
"species","Equino","da07b0a1-53a8-42db-9c7a-748415bf9734"
"diagnosis","SIN MEDICAMENTO","da07b0a1-53a8-42db-9c7a-748415bf9734"
"sex","MACHO  ENTERO","da07b0a1-53a8-42db-9c7a-748415bf9734"
"sex","HEMBRA","da07b0a1-53a8-42db-9c7a-748415bf9734"
"breed","PITBULL","da07b0a1-53a8-42db-9c7a-748415bf9734"
"diagnosis","PROZAC","da07b0a1-53a8-42db-9c7a-748415bf9734"
"sex","MACHO CASTRADO","da07b0a1-53a8-42db-9c7a-748415bf9734"
"pancreas","Tamaño normal","da07b0a1-53a8-42db-9c7a-748415bf9734"
"liver","Hepatomegalia","da07b0a1-53a8-42db-9c7a-748415bf9734"
"liver","Ecogenicidad conservada, bordes finos, triangulares sin exceder el límite anatómico normal del estomago ni del riñón derecho","da07b0a1-53a8-42db-9c7a-748415bf9734"
"liver","Ecogenicidad reducida","da07b0a1-53a8-42db-9c7a-748415bf9734"
"liver","Ecogenicidad reducida, con aumento del contraste de los vasos sanguíneos","da07b0a1-53a8-42db-9c7a-748415bf9734"
"liver","Ecogenicidad aumentada","da07b0a1-53a8-42db-9c7a-748415bf9734"
"liver","Ecogenicidad aumentada, con aumento de la atenuación distal","da07b0a1-53a8-42db-9c7a-748415bf9734"
"liver","Ecogenicidad mixta","da07b0a1-53a8-42db-9c7a-748415bf9734"
"liver","Eco estructura conservada, ecogenicidad y tamaño conservados","da07b0a1-53a8-42db-9c7a-748415bf9734"
"liver","Se observan vasos congestivos","da07b0a1-53a8-42db-9c7a-748415bf9734"
"liver","Se observan conductos biliares dilatados","da07b0a1-53a8-42db-9c7a-748415bf9734"
"liver","Se observa signo de doble cañón","da07b0a1-53a8-42db-9c7a-748415bf9734"
"liver","Se observa comunicación venosa patológica (Shunt)","da07b0a1-53a8-42db-9c7a-748415bf9734"
"reason_for_ultrasound","Examen completo abdominal","da07b0a1-53a8-42db-9c7a-748415bf9734"
"abdominal_cavity","No se observa líquido libre en abdomen","da07b0a1-53a8-42db-9c7a-748415bf9734"
"abdominal_cavity","Se observa colecta abdominal anecoica pura","da07b0a1-53a8-42db-9c7a-748415bf9734"
"abdominal_cavity","Se observa colecta abdominal con focos ecogénicos en suspensión compatible peritonitis infecciosa felina","da07b0a1-53a8-42db-9c7a-748415bf9734"
"abdominal_cavity","Se observa peritoneo reactivo","da07b0a1-53a8-42db-9c7a-748415bf9734"
"abdominal_cavity","Se observa peritonitis","da07b0a1-53a8-42db-9c7a-748415bf9734"
"spleen","Tamaño normal  parénquima ecogénico, homogéneo y con textura fina. Cápsula hiperecogénica, lisa","da07b0a1-53a8-42db-9c7a-748415bf9734"
"spleen","Esplenomegalia","da07b0a1-53a8-42db-9c7a-748415bf9734"
"spleen","Parénquima hipoecoico","da07b0a1-53a8-42db-9c7a-748415bf9734"
"spleen","Parénquima hiperecoico","da07b0a1-53a8-42db-9c7a-748415bf9734"
"spleen","Heterogéneo","da07b0a1-53a8-42db-9c7a-748415bf9734"
"spleen","Textura gruesa","da07b0a1-53a8-42db-9c7a-748415bf9734"
"spleen","Bordes lancelados","da07b0a1-53a8-42db-9c7a-748415bf9734"
"spleen","Borde redondeado","da07b0a1-53a8-42db-9c7a-748415bf9734"
"spleen","Plegado sobre sí mismo","da07b0a1-53a8-42db-9c7a-748415bf9734"
"spleen","Contorno irregular","da07b0a1-53a8-42db-9c7a-748415bf9734"
"spleen","Patrón de encaje o de cielo estrellado","da07b0a1-53a8-42db-9c7a-748415bf9734"
"colon","Vacío.","da07b0a1-53a8-42db-9c7a-748415bf9734"
"colon","Distensión leve","da07b0a1-53a8-42db-9c7a-748415bf9734"
"colon","Distensión moderada","da07b0a1-53a8-42db-9c7a-748415bf9734"
"colon","Sobredistensión localizada.","da07b0a1-53a8-42db-9c7a-748415bf9734"
"colon","Sobredistensión generalizada.","da07b0a1-53a8-42db-9c7a-748415bf9734"
"colon","Contenido gaseoso, en colon descendente","da07b0a1-53a8-42db-9c7a-748415bf9734"
"colon","Contenido mucoso","da07b0a1-53a8-42db-9c7a-748415bf9734"
"colon","Contenido líquido","da07b0a1-53a8-42db-9c7a-748415bf9734"
"colon","Contenido líquido con focos ecogénicos en suspensión.","da07b0a1-53a8-42db-9c7a-748415bf9734"
"colon","Contenido heces.","da07b0a1-53a8-42db-9c7a-748415bf9734"
"colon","Estratificación conservada.","da07b0a1-53a8-42db-9c7a-748415bf9734"
"colon","Estratificación menos evidenciable.","da07b0a1-53a8-42db-9c7a-748415bf9734"
"colon","Pérdida total de la estratificación localizada.","da07b0a1-53a8-42db-9c7a-748415bf9734"
"colon","Perdida total de la estratificación generalizada.","da07b0a1-53a8-42db-9c7a-748415bf9734"
"colon","Pared de grosor normal","da07b0a1-53a8-42db-9c7a-748415bf9734"
"colon","Pared engrosada focalmente.","da07b0a1-53a8-42db-9c7a-748415bf9734"
"colon","Pared engrosada.","da07b0a1-53a8-42db-9c7a-748415bf9734"
"colon","Estrato mucoso engrosado.","da07b0a1-53a8-42db-9c7a-748415bf9734"
"colon","Estrato muscular engrosado.","da07b0a1-53a8-42db-9c7a-748415bf9734"
"colon","Se observa imagen hiperecogénica con sombra acústica, sugerente de cuerpo extraño o fecaloma.","da07b0a1-53a8-42db-9c7a-748415bf9734"
"colon","Peristaltismo aumentado.","da07b0a1-53a8-42db-9c7a-748415bf9734"
"colon","Se observa signo de obstrucción.","da07b0a1-53a8-42db-9c7a-748415bf9734"
"adrenal_glands","De características ultrasonográficas conservadas.","da07b0a1-53a8-42db-9c7a-748415bf9734"
"pancreas","De características ultrasonográficas conservadas.","da07b0a1-53a8-42db-9c7a-748415bf9734"
"pancreas","Tamaño aumentado","da07b0a1-53a8-42db-9c7a-748415bf9734"
"pancreas","Ecogenicidad reducida","da07b0a1-53a8-42db-9c7a-748415bf9734"
"pancreas","Ecotextura heterogénea","da07b0a1-53a8-42db-9c7a-748415bf9734"
"pancreas","Se observa quiste","da07b0a1-53a8-42db-9c7a-748415bf9734"
"pancreas","Se observa imágenes pseudoquística","da07b0a1-53a8-42db-9c7a-748415bf9734"
"pancreas","Se observa el conducto pancreático dilatado","da07b0a1-53a8-42db-9c7a-748415bf9734"
"stomach","Vacío","da07b0a1-53a8-42db-9c7a-748415bf9734"
"stomach","Distensión leve","da07b0a1-53a8-42db-9c7a-748415bf9734"
"stomach","Distensión moderada","da07b0a1-53a8-42db-9c7a-748415bf9734"
"stomach","Sobredistensión","da07b0a1-53a8-42db-9c7a-748415bf9734"
"stomach","Contenido gaseoso","da07b0a1-53a8-42db-9c7a-748415bf9734"
"stomach","No evaluable.","da07b0a1-53a8-42db-9c7a-748415bf9734"
"stomach","Contenido alimenticio","da07b0a1-53a8-42db-9c7a-748415bf9734"
"stomach","Contenido mucoso","da07b0a1-53a8-42db-9c7a-748415bf9734"
"stomach","Contenido líquido","da07b0a1-53a8-42db-9c7a-748415bf9734"
"stomach","Contenido líquido con focos ecogénicos en suspensión","da07b0a1-53a8-42db-9c7a-748415bf9734"
"stomach","Estratificación conservada","da07b0a1-53a8-42db-9c7a-748415bf9734"
"stomach","Estratificación menos evidenciable","da07b0a1-53a8-42db-9c7a-748415bf9734"
"stomach","Pérdida total de la estratificación","da07b0a1-53a8-42db-9c7a-748415bf9734"
"stomach","Pseudoestratificación","da07b0a1-53a8-42db-9c7a-748415bf9734"
"stomach","Pared de grosor normal","da07b0a1-53a8-42db-9c7a-748415bf9734"
"stomach","Pared engrosada","da07b0a1-53a8-42db-9c7a-748415bf9734"
"stomach","Estrato muscular engrosado","da07b0a1-53a8-42db-9c7a-748415bf9734"
"stomach","Estrato submucoso engrosado","da07b0a1-53a8-42db-9c7a-748415bf9734"
"stomach","Estrato mucoso engrosado","da07b0a1-53a8-42db-9c7a-748415bf9734"
"stomach","Se observa lesión excavada sugerente de úlcera gástrica.","da07b0a1-53a8-42db-9c7a-748415bf9734"
"stomach","Se observa imagen hiperecogénica con sombra acústica posterior, sugerente de cuerpo extraño.","da07b0a1-53a8-42db-9c7a-748415bf9734"
"stomach","Peristaltismo normal","da07b0a1-53a8-42db-9c7a-748415bf9734"
"stomach","Peristaltismo aumentado","da07b0a1-53a8-42db-9c7a-748415bf9734"
"stomach","Peristaltismo disminuido","da07b0a1-53a8-42db-9c7a-748415bf9734"
"stomach","Peristaltismo ausente, ileo","da07b0a1-53a8-42db-9c7a-748415bf9734"
"gallbladder","Distención leve","da07b0a1-53a8-42db-9c7a-748415bf9734"
"gallbladder","Distención moderada (normal)","da07b0a1-53a8-42db-9c7a-748415bf9734"
"gallbladder","Sobre distendida,","da07b0a1-53a8-42db-9c7a-748415bf9734"
"gallbladder","Forma de saco (normal)","da07b0a1-53a8-42db-9c7a-748415bf9734"
"gallbladder","Pared ecogénica, íntegra, lisa, de espesor normal","da07b0a1-53a8-42db-9c7a-748415bf9734"
"gallbladder","Pared con ecogenicidad aumentada","da07b0a1-53a8-42db-9c7a-748415bf9734"
"gallbladder","Signo de doble pared vesicular colecistitis","da07b0a1-53a8-42db-9c7a-748415bf9734"
"gallbladder","Espesor normal","da07b0a1-53a8-42db-9c7a-748415bf9734"
"gallbladder","Espesor engrosado","da07b0a1-53a8-42db-9c7a-748415bf9734"
"gallbladder","Se observa una imagen nodular en la pared, en la zona del (ápex - cuerpo - cuello)","da07b0a1-53a8-42db-9c7a-748415bf9734"
"gallbladder","Se observa imagen sugerente de ruptura vesicular","da07b0a1-53a8-42db-9c7a-748415bf9734"
"gallbladder","Superficie interna regular","da07b0a1-53a8-42db-9c7a-748415bf9734"
"gallbladder","Superficie interna irregular,","da07b0a1-53a8-42db-9c7a-748415bf9734"
"gallbladder","Contenido anecoico homogéneo (normal)","da07b0a1-53a8-42db-9c7a-748415bf9734"
"gallbladder","Contenido ecogénico homogéneo móvil (sedimento)","da07b0a1-53a8-42db-9c7a-748415bf9734"
"gallbladder","Se observa en su interior una imagen hiperecoica móvil, con sombra acústica posterior ,","da07b0a1-53a8-42db-9c7a-748415bf9734"
"gallbladder","Se observa patrón estrellado, sugerente de Mucocele","da07b0a1-53a8-42db-9c7a-748415bf9734"
"gallbladder","Se observa conducto Cístico dilatado","da07b0a1-53a8-42db-9c7a-748415bf9734"
"gallbladder","Se observa conducto Colédoco dilatado","da07b0a1-53a8-42db-9c7a-748415bf9734"
"gallbladder","Pared del conducto colédoco engrosada","da07b0a1-53a8-42db-9c7a-748415bf9734"
"gallbladder","Se observa imagen nodular sugerente de pólipo","da07b0a1-53a8-42db-9c7a-748415bf9734"
"gallbladder","Se observa imagen nodular sugerente de neoplasia","da07b0a1-53a8-42db-9c7a-748415bf9734"
"gallbladder","Se observa imagen nodular sugerente de hiperplasia de las glándulas mucinosas","da07b0a1-53a8-42db-9c7a-748415bf9734"
"left_kidney","Conserva buena relación y diferenciación corticomedular","da07b0a1-53a8-42db-9c7a-748415bf9734"
"left_kidney","Diferenciación corticomedular reducida","da07b0a1-53a8-42db-9c7a-748415bf9734"
"left_kidney","No se observa diferenciación corticomedular","da07b0a1-53a8-42db-9c7a-748415bf9734"
"left_kidney","Se observa pielectasia","da07b0a1-53a8-42db-9c7a-748415bf9734"
"left_kidney","Pelvis distendida","da07b0a1-53a8-42db-9c7a-748415bf9734"
"left_kidney","Capsula de superficie lisa, regular y ecogénica","da07b0a1-53a8-42db-9c7a-748415bf9734"
"left_kidney","Superficie irregular","da07b0a1-53a8-42db-9c7a-748415bf9734"
"right_kidney","Diferenciación corticomedular reducida,","da07b0a1-53a8-42db-9c7a-748415bf9734"
"right_kidney","No se observa diferenciación corticomedular","da07b0a1-53a8-42db-9c7a-748415bf9734"
"right_kidney","Se observa pielectasia","da07b0a1-53a8-42db-9c7a-748415bf9734"
"right_kidney","Pelvis distendida","da07b0a1-53a8-42db-9c7a-748415bf9734"
"right_kidney","Superficie lisa, regular y ecogénica","da07b0a1-53a8-42db-9c7a-748415bf9734"
"right_kidney","Superficie irregular","da07b0a1-53a8-42db-9c7a-748415bf9734"
"right_kidney","Con la misma descripción ecográfica del riñón contralateral","da07b0a1-53a8-42db-9c7a-748415bf9734"
"small_intestine","Vacío.","da07b0a1-53a8-42db-9c7a-748415bf9734"
"small_intestine","Distensión leve","da07b0a1-53a8-42db-9c7a-748415bf9734"
"small_intestine","Distensión moderada","da07b0a1-53a8-42db-9c7a-748415bf9734"
"small_intestine","Sobredistensión localizada","da07b0a1-53a8-42db-9c7a-748415bf9734"
"small_intestine","Sobredistensión generalizada","da07b0a1-53a8-42db-9c7a-748415bf9734"
"small_intestine","Contenido gaseoso","da07b0a1-53a8-42db-9c7a-748415bf9734"
"small_intestine","Contenido mucoso","da07b0a1-53a8-42db-9c7a-748415bf9734"
"small_intestine","Contenido líquido intraluminal","da07b0a1-53a8-42db-9c7a-748415bf9734"
"small_intestine","Contenido líquido con focos ecogénicos en suspensión.","da07b0a1-53a8-42db-9c7a-748415bf9734"
"small_intestine","Estratificación conservada","da07b0a1-53a8-42db-9c7a-748415bf9734"
"small_intestine","Estratificación menos evidenciable","da07b0a1-53a8-42db-9c7a-748415bf9734"
"small_intestine","Pérdida total de la estratificación localizada.","da07b0a1-53a8-42db-9c7a-748415bf9734"
"small_intestine","Perdida total de la estratificación generalizada","da07b0a1-53a8-42db-9c7a-748415bf9734"
"small_intestine","Pared de grosor normal","da07b0a1-53a8-42db-9c7a-748415bf9734"
"small_intestine","Pared engrosada focalmente","da07b0a1-53a8-42db-9c7a-748415bf9734"
"small_intestine","Pared engrosada","da07b0a1-53a8-42db-9c7a-748415bf9734"
"small_intestine","Estrato muscular engrosado","da07b0a1-53a8-42db-9c7a-748415bf9734"
"small_intestine","Estrato submucoso engrosado","da07b0a1-53a8-42db-9c7a-748415bf9734"
"small_intestine","Estrato mucoso engrosado","da07b0a1-53a8-42db-9c7a-748415bf9734"
"small_intestine","Se observa imagen hiperecogénica con sombra acústica posterior, sugerente de cuerpo extraño.","da07b0a1-53a8-42db-9c7a-748415bf9734"
"small_intestine","Peristaltismo normal","da07b0a1-53a8-42db-9c7a-748415bf9734"
"small_intestine","Peristaltismo aumentado","da07b0a1-53a8-42db-9c7a-748415bf9734"
"small_intestine","Peristaltismo disminuido","da07b0a1-53a8-42db-9c7a-748415bf9734"
"small_intestine","Peristaltismo ausente, ileo","da07b0a1-53a8-42db-9c7a-748415bf9734"
"small_intestine","Se observa signo de obstrucción","da07b0a1-53a8-42db-9c7a-748415bf9734"
"small_intestine","Se observa signo de intestino corrugado","da07b0a1-53a8-42db-9c7a-748415bf9734"
"small_intestine","Se observan multiples capas concéntrica, sugerente de intususcepción","da07b0a1-53a8-42db-9c7a-748415bf9734"
"urinary_bladder","Escaso contenido, no evaluable.","da07b0a1-53a8-42db-9c7a-748415bf9734"
"urinary_bladder","Distensión moderada.","da07b0a1-53a8-42db-9c7a-748415bf9734"
"urinary_bladder","Sobredistendida.","da07b0a1-53a8-42db-9c7a-748415bf9734"
"urinary_bladder","Contenido anecoico puro.","da07b0a1-53a8-42db-9c7a-748415bf9734"
"urinary_bladder","Contenido anecoico, con sedimento celular.","da07b0a1-53a8-42db-9c7a-748415bf9734"
"urinary_bladder","Contenido anecoico, con sedimento mineralizado.","da07b0a1-53a8-42db-9c7a-748415bf9734"
"urinary_bladder","Se observa estructura hiperecogénica con sombra posterior, sugerente de Cálculo.","da07b0a1-53a8-42db-9c7a-748415bf9734"
"urinary_bladder","Pared conservada.","da07b0a1-53a8-42db-9c7a-748415bf9734"
"urinary_bladder","Pared con aumento del espesor generalizado.","da07b0a1-53a8-42db-9c7a-748415bf9734"
"urinary_bladder","Pared con aumento del espesor localizado, en","da07b0a1-53a8-42db-9c7a-748415bf9734"
"urinary_bladder","Se observa formaicónpolipoide.","da07b0a1-53a8-42db-9c7a-748415bf9734"
"lymph_nodes","Ecográficamente conservados.","da07b0a1-53a8-42db-9c7a-748415bf9734"
"lymph_nodes","No se observaron linfonódulos reactivos durante este estudio.","da07b0a1-53a8-42db-9c7a-748415bf9734"
"lymph_nodes","Se observan linfonódulos reactivos.","da07b0a1-53a8-42db-9c7a-748415bf9734"
"lymph_nodes","Ecogenicidad reducida.","da07b0a1-53a8-42db-9c7a-748415bf9734"
"lymph_nodes","Forma redondeada.","da07b0a1-53a8-42db-9c7a-748415bf9734"
"diagnosis","De características ecográficas conservadas","da07b0a1-53a8-42db-9c7a-748415bf9734"
"diagnosis","Se observa colecta interna","da07b0a1-53a8-42db-9c7a-748415bf9734"
"diagnosis","Bilobulada, simétrica, de textura fina a media, ecogénica","da07b0a1-53a8-42db-9c7a-748415bf9734"
"diagnosis","Hemisferios prostaticos evidencian asimetría","da07b0a1-53a8-42db-9c7a-748415bf9734"
"diagnosis","Homogéneo","da07b0a1-53a8-42db-9c7a-748415bf9734"
"diagnosis","Heterogéneo","da07b0a1-53a8-42db-9c7a-748415bf9734"
"diagnosis","Se observa lesión quística","da07b0a1-53a8-42db-9c7a-748415bf9734"
"diagnosis","Tamaño normal","da07b0a1-53a8-42db-9c7a-748415bf9734"
"diagnosis","Prostatomegalia.","da07b0a1-53a8-42db-9c7a-748415bf9734"
"breed","YORK SHIRE TERRIER","da07b0a1-53a8-42db-9c7a-748415bf9734"
"breed","SHIH TZU","da07b0a1-53a8-42db-9c7a-748415bf9734"
"breed","PUG","da07b0a1-53a8-42db-9c7a-748415bf9734"
"breed","BEAGLE","da07b0a1-53a8-42db-9c7a-748415bf9734"
"breed","PERSA","da07b0a1-53a8-42db-9c7a-748415bf9734"
"breed","JACK RUSSEL TERRIER","da07b0a1-53a8-42db-9c7a-748415bf9734"
"breed","BULLDOG","da07b0a1-53a8-42db-9c7a-748415bf9734"
"breed","POODLE","da07b0a1-53a8-42db-9c7a-748415bf9734"
"breed","SCHNAUZER","da07b0a1-53a8-42db-9c7a-748415bf9734"
"breed","CRIOLLO","da07b0a1-53a8-42db-9c7a-748415bf9734"
"breed","BULL TERRIER","da07b0a1-53a8-42db-9c7a-748415bf9734"
"breed","LABRADOR","da07b0a1-53a8-42db-9c7a-748415bf9734"
"breed","PINSCHER","da07b0a1-53a8-42db-9c7a-748415bf9734"
"breed","POINTER ALEMAN","da07b0a1-53a8-42db-9c7a-748415bf9734"
"breed","TECKEL","da07b0a1-53a8-42db-9c7a-748415bf9734"
"breed","COCKER","da07b0a1-53a8-42db-9c7a-748415bf9734"
"breed","CHIHUAHUA","da07b0a1-53a8-42db-9c7a-748415bf9734"
"breed","PASTOR ALEMAN","da07b0a1-53a8-42db-9c7a-748415bf9734"
"left_kidney","Tamaño y ubicación anatómica normal","da07b0a1-53a8-42db-9c7a-748415bf9734"
"breed","POMERANIA","da07b0a1-53a8-42db-9c7a-748415bf9734"
"breed","GOLDEN RETRIVER","da07b0a1-53a8-42db-9c7a-748415bf9734"
"breed","BASSET HOUND","da07b0a1-53a8-42db-9c7a-748415bf9734"
"right_kidney","Arteria y vena renal normal, vasos arcuados normales, al doppler color se observa normalidad","da07b0a1-53a8-42db-9c7a-748415bf9734"
"left_kidney","Arteria y vena renal normal, vasos arcuados normales","da07b0a1-53a8-42db-9c7a-748415bf9734"
"left_kidney","Doppler color normal.","da07b0a1-53a8-42db-9c7a-748415bf9734"
"major_vessels","Normales.","da07b0a1-53a8-42db-9c7a-748415bf9734"
"breed","ROTTWEILER","da07b0a1-53a8-42db-9c7a-748415bf9734"
"breed","Boxer","da07b0a1-53a8-42db-9c7a-748415bf9734"
"breed","PASTOR COLLIE","da07b0a1-53a8-42db-9c7a-748415bf9734"
"breed","BOXER","da07b0a1-53a8-42db-9c7a-748415bf9734"
"reason_for_ultrasound","Diagnóstico de preñez, tiempo gestación","da07b0a1-53a8-42db-9c7a-748415bf9734"
"breed","SHAR PEI","da07b0a1-53a8-42db-9c7a-748415bf9734"
"breed","DOGO DE BURDEOS","da07b0a1-53a8-42db-9c7a-748415bf9734"
"breed","SIBERIAN HUSKY","da07b0a1-53a8-42db-9c7a-748415bf9734"
"breed","CANINO","da07b0a1-53a8-42db-9c7a-748415bf9734"
"uterus","Ventral  a la vejiga se localiza el útero este se encuentra con contenido de fetos","da07b0a1-53a8-42db-9c7a-748415bf9734"
"uterus","Todos los fetos presentan fetocardia positiva,","da07b0a1-53a8-42db-9c7a-748415bf9734"
"uterus","Se hace medición de los sacos gestacionales,","da07b0a1-53a8-42db-9c7a-748415bf9734"
"uterus","Todos los fetos presentan un desarrollo adecuado para la edad calculada,","da07b0a1-53a8-42db-9c7a-748415bf9734"
"breed","BOSTON TERRIER","da07b0a1-53a8-42db-9c7a-748415bf9734"
"urinary_bladder","Paredes con aumento de grosor e irregularidad en sus bordes de mucosa","da07b0a1-53a8-42db-9c7a-748415bf9734"
"liver","Bordes finos, triangulares sin exceder el límite anatómico normal del estómago ni del riñón derecho","da07b0a1-53a8-42db-9c7a-748415bf9734"
"liver","Bordes redondeados, aumentados de tamaño, excediendo  su límite con relación al estómago","da07b0a1-53a8-42db-9c7a-748415bf9734"
"breed","FELINO","da07b0a1-53a8-42db-9c7a-748415bf9734"
"breed","BULLDOG FRANCES","da07b0a1-53a8-42db-9c7a-748415bf9734"
"breed","TECKEL","da07b0a1-53a8-42db-9c7a-748415bf9734"
"liver","Hiperecogenicidad, hepatopatía esteroidal, Lipidosis, hepatopatías vacuolares, hepatitis crónica,","da07b0a1-53a8-42db-9c7a-748415bf9734"
"liver","Hiperecogenicidad, fibrosis, cirrosis, linfoma, tumor de mastocitos.","da07b0a1-53a8-42db-9c7a-748415bf9734"
"liver","Hipoecogenicidad, congestión pasiva, hepatitis aguda, colangiohepatitis, Linfoma, Leucemia,","da07b0a1-53a8-42db-9c7a-748415bf9734"
"liver","Ecogenicidad mixta, presuntivo fibrosis hepática, Carcinoma Hepatocelular, Metástasis, Necrosis, Amiloidosis o  Linfoma por confirmar","da07b0a1-53a8-42db-9c7a-748415bf9734"
"liver","Ecogenicidad mixta, presuntiva hepatopatía esteroidea asociada a hiperplasia, Linfoma, Hepatitis por confirmar","da07b0a1-53a8-42db-9c7a-748415bf9734"
"liver","Hepatomegalia difusa, presuntiva hepatopatía esteroidal, Lipidosis, hepatitis, colangiohepatitis,","da07b0a1-53a8-42db-9c7a-748415bf9734"
"liver","Hepatomegalia difusa, presuntiva Neoplasia de células Redondas, linfoma, histiocitosis, mastocitos,","da07b0a1-53a8-42db-9c7a-748415bf9734"
"liver","Hepatomegalia difusa, presuntivo Carcinoma Masivo Hepatocelular, Metástasis, Amiloidoisis","da07b0a1-53a8-42db-9c7a-748415bf9734"
"liver","Hepatomegalia focal o asimétrica, presuntiva Neoplasia primaria o Metástasis, absceso, quiste, o granuloma,","da07b0a1-53a8-42db-9c7a-748415bf9734"
"liver","Hepatomegalia focal o asimétrica, trombosis, torsión lobular, hematoma,","da07b0a1-53a8-42db-9c7a-748415bf9734"
"liver","Hígado pequeño, Shunt porto sistémico, displasia micro vascular o hipoplasia  de vena porta,","da07b0a1-53a8-42db-9c7a-748415bf9734"
"liver","Hígado pequeño, presuntiva cirrosis, fibrosis, hipovolemia severa,","da07b0a1-53a8-42db-9c7a-748415bf9734"
"liver","Lesiones focales Anecoicas compatibles con quistes, tumor quístico, necrosis, absceso y/o hematoma,","da07b0a1-53a8-42db-9c7a-748415bf9734"
"liver","Lesiones focales Hipoecoicas compatibles con hiperplasia nodular, metástasis, linfoma, neoplasia hepática,","da07b0a1-53a8-42db-9c7a-748415bf9734"
"liver","Lesiones focales hipoecoicas, absceso, necrosis, hematoma, complejo quístico,","da07b0a1-53a8-42db-9c7a-748415bf9734"
"liver","Lesiones focales de ecogenicidad mixta, presuntiva hiperplasia nodular, neoplasia primaria, metástasis,","da07b0a1-53a8-42db-9c7a-748415bf9734"
"liver","Lesiones focales de ecogenicidad mixta, presuntivos abscesos y/o hematomas","da07b0a1-53a8-42db-9c7a-748415bf9734"
"liver","Con  posición en decúbito dorsal  izquierdo y derecho  se hace aproximación al hígado","da07b0a1-53a8-42db-9c7a-748415bf9734"
"liver","Los lóbulos del lado izquierdo  conforman un tercio de la masa hepática","da07b0a1-53a8-42db-9c7a-748415bf9734"
"liver","El lóbulo cuadrado es relativamente central y rodea parcialmente la vesícula biliar","da07b0a1-53a8-42db-9c7a-748415bf9734"
"liver","Los lóbulos izquierdos son el lateral, medial y cuadrado","da07b0a1-53a8-42db-9c7a-748415bf9734"
"liver","Los lóbulos derechos son lateral, medial y caudado, hacia el centro tenemos el  proceso papilar","da07b0a1-53a8-42db-9c7a-748415bf9734"
"liver","Los cuales conforman la totalidad de la masa del hígado","da07b0a1-53a8-42db-9c7a-748415bf9734"
"liver","El ligamento falciforme esta en el campo cercano y se observa","da07b0a1-53a8-42db-9c7a-748415bf9734"
"liver","Isoecoico en relación al hígado","da07b0a1-53a8-42db-9c7a-748415bf9734"
"liver","Hiperecoica en relación al hígado y presenta una gruesa ecotextura","da07b0a1-53a8-42db-9c7a-748415bf9734"
"liver","Hígado hiperecoico en relación a la grasa falciforme por la obesidad del gato,","da07b0a1-53a8-42db-9c7a-748415bf9734"
"liver","Parénquima hepático normal es uniformemente hipoecoico con una ecotextura gruesa comparada con el","da07b0a1-53a8-42db-9c7a-748415bf9734"
"liver","En la sección transversa del hígado los vasos aparecen como estructuras redondeadas anecoicas","da07b0a1-53a8-42db-9c7a-748415bf9734"
"liver","En la sección trasversa del hígado se reconocen las ramas portales con límites hiperecoicos","da07b0a1-53a8-42db-9c7a-748415bf9734"
"liver","Lesiones focales hiperecoicas , mineralizacion , colelitiasis , grasa , mielolipoma , gas, hiperplas","da07b0a1-53a8-42db-9c7a-748415bf9734"
"liver","Lesiones focales hiperecoicas, presuntiva hiperplasia nodular, neoplasia primaria, absceso o granuloma                 ,","da07b0a1-53a8-42db-9c7a-748415bf9734"
"breed","PERRO DE AGUA ESPAÑOL","da07b0a1-53a8-42db-9c7a-748415bf9734"
"lymph_nodes","El paciente presenta linfodenopatia periférica,","da07b0a1-53a8-42db-9c7a-748415bf9734"
"breed","SIAMES","da07b0a1-53a8-42db-9c7a-748415bf9734"
"breed","CANICHE","da07b0a1-53a8-42db-9c7a-748415bf9734"
"reason_for_ultrasound","Ecografía abdominal por distención y/o dolor","da07b0a1-53a8-42db-9c7a-748415bf9734"
"pancreas","No evaluable","da07b0a1-53a8-42db-9c7a-748415bf9734"
"small_intestine","Con contenido intraluminal con focos ecogénicos en suspensión.","da07b0a1-53a8-42db-9c7a-748415bf9734"
"urinary_bladder","Con leve contenido anecoico","da07b0a1-53a8-42db-9c7a-748415bf9734"
"urinary_bladder","No se aprecian masas, ni urolitos, ni estructuras vegetativas","da07b0a1-53a8-42db-9c7a-748415bf9734"
"liver","En lóbulo lateral izquierdo presenta","da07b0a1-53a8-42db-9c7a-748415bf9734"
"liver","Los demás lóbulos hepáticos conservan bordes redondeados, levemente aumentados de tamaño, excediendo sus límites.","da07b0a1-53a8-42db-9c7a-748415bf9734"
"spleen","Tamaño fisiológico, posición normal en su proporción abdominal izquierda,  ecotextura de morfología uniforme, parénquima homogéneo, bordes lancelados, cápsula hiperecogénica lisa","da07b0a1-53a8-42db-9c7a-748415bf9734"
"left_kidney","Conserva buena diferenciación corticomedular","da07b0a1-53a8-42db-9c7a-748415bf9734"
"gallbladder","Con leve lodo biliar en proporción menor al 20%, Superficie interna regular lisa.","da07b0a1-53a8-42db-9c7a-748415bf9734"
"urinary_bladder","Se aprecia una estructura hiperecoica redondeada con cuello pedunculada sin sobra acústica sugerente de pólipo o coagulo reciente.","da07b0a1-53a8-42db-9c7a-748415bf9734"
"urinary_bladder","Con leve contenido anecoico urinario seguido de focos en suspensión hiperecoicos sin sombra acústica","da07b0a1-53a8-42db-9c7a-748415bf9734"
"adrenal_glands","GL Izquierda,  tamaño y forma bilobulada conservada","da07b0a1-53a8-42db-9c7a-748415bf9734"
"adrenal_glands","GL derecha, tamaño triangular o en delta","da07b0a1-53a8-42db-9c7a-748415bf9734"
"adrenal_glands","Longitud 16.12mm, polo craneal 5.41mm de ancho y caudal 4.27mm","da07b0a1-53a8-42db-9c7a-748415bf9734"
"conclusions","Por las alteraciones en sistema urinario se recomienda realizar Exámenes complementarios según criterio médico tratante (Hemograma, creatinina, fosforo, BUN, Urianalisis con urocultivo) y repetir","da07b0a1-53a8-42db-9c7a-748415bf9734"
"abdominal_cavity","No se observa liquido libre en ninguno de sus 4 cuadrantes abdominales Cisto Cólico CC, esplenorenal SR , Hepato Diafragmático HD y Hepatorenal HR.","da07b0a1-53a8-42db-9c7a-748415bf9734"
"abdominal_cavity","Cuadrante Cisto Cólico CC","da07b0a1-53a8-42db-9c7a-748415bf9734"
"abdominal_cavity","Cuadrante Esplenorenal SR","da07b0a1-53a8-42db-9c7a-748415bf9734"
"abdominal_cavity","Cuadrante Hepato Diafragmático HD","da07b0a1-53a8-42db-9c7a-748415bf9734"
"abdominal_cavity","Cuadrante Hepatorenal HR","da07b0a1-53a8-42db-9c7a-748415bf9734"
"abdominal_cavity","Masa abdominal sin organodependencia definida","da07b0a1-53a8-42db-9c7a-748415bf9734"
"uterus","Nota: la ecografía es una prueba dinámica donde los cachorros están en movimiento en un abdomen cilíndrico donde puede variar el número de cachorros a la primera impresión","da07b0a1-53a8-42db-9c7a-748415bf9734"
"uterus","Nota:* en algunas ocasiones un feto puede ser contado dos veces o alguno se puede esconder al ultrasonido por los órganos abdominales, para determinar confiabilidad en el número de cachorros  se","da07b0a1-53a8-42db-9c7a-748415bf9734"
"uterus","Nota:** recomienda realizar ecografía de control con Radiografía LL o VD para determinar el número exacto de cachorros y su posicionamiento previo al parto.","da07b0a1-53a8-42db-9c7a-748415bf9734"
"uterus","Útero izquierdo un cachorro en","da07b0a1-53a8-42db-9c7a-748415bf9734"
"uterus","Útero derecho un cachorro en","da07b0a1-53a8-42db-9c7a-748415bf9734"
"uterus","Presentación  posterior o pélvica ,","da07b0a1-53a8-42db-9c7a-748415bf9734"
"uterus","Presentación   anterior o cefálica,","da07b0a1-53a8-42db-9c7a-748415bf9734"
"uterus","LATIDO FETAL:  Mayor a 200 lpm normal","da07b0a1-53a8-42db-9c7a-748415bf9734"
"uterus","LATIDO FETAL:  De 180 a 200 lpm estrés de Parto","da07b0a1-53a8-42db-9c7a-748415bf9734"
"uterus","LATIDO FETAL:  De 160 a 180 lpm estrés fetal en riesgo","da07b0a1-53a8-42db-9c7a-748415bf9734"
"uterus","LATIDO FETAL:  De 140 a 160 lpm sufrimiento de parto","da07b0a1-53a8-42db-9c7a-748415bf9734"
"uterus","Movimiento peristáltico intestinal fetal  que corrobora edad gestacional mayor a 60 días.","da07b0a1-53a8-42db-9c7a-748415bf9734"
"uterus","Con diámetro biparietal de ____ para una edad gestacional aproximada de __ semanas y __ días, para una fecha probable de parto aproximada del ________","da07b0a1-53a8-42db-9c7a-748415bf9734"
"diagnosis","Posición hipogastrio medio  caudal al trigono vesical","da07b0a1-53a8-42db-9c7a-748415bf9734"
"diagnosis","Ecogenicidad granular mixta en corte transversal, hiperecoica en distribución de tejido ductal y tejido conectivo glandular hipoecoico normal (patrón mariposa)","da07b0a1-53a8-42db-9c7a-748415bf9734"
"diagnosis","Quistes","da07b0a1-53a8-42db-9c7a-748415bf9734"
"diagnosis","Compatibilidad con Hiperplasia","da07b0a1-53a8-42db-9c7a-748415bf9734"
"diagnosis","Compatibilidad con  Hipoplasia","da07b0a1-53a8-42db-9c7a-748415bf9734"
"diagnosis","Compatibilidad con  Adenomas","da07b0a1-53a8-42db-9c7a-748415bf9734"
"diagnosis","Hemisferios prostaticos evidencian adecuada simetría","da07b0a1-53a8-42db-9c7a-748415bf9734"
"reason_for_ultrasound","Presentación de vómitos","da07b0a1-53a8-42db-9c7a-748415bf9734"
"reason_for_ultrasound","Presentación de flujo vaginal","da07b0a1-53a8-42db-9c7a-748415bf9734"
"reason_for_ultrasound","Presentación de polidipsia y poliuria","da07b0a1-53a8-42db-9c7a-748415bf9734"
"reason_for_ultrasound","Traumatismo abdominal por choque vehicular","da07b0a1-53a8-42db-9c7a-748415bf9734"
"reason_for_ultrasound","Traumatismo abdominal por caída","da07b0a1-53a8-42db-9c7a-748415bf9734"
"reason_for_ultrasound","Presentación de diarrea","da07b0a1-53a8-42db-9c7a-748415bf9734"
"reason_for_ultrasound","Posible masa abdominal","da07b0a1-53a8-42db-9c7a-748415bf9734"
"reason_for_ultrasound","Alteración analítica en sus exámenes de laboratorio Hemograma, Urianalisis y/o química sanguínea","da07b0a1-53a8-42db-9c7a-748415bf9734"
"reason_for_ultrasound","Alteración en sistema urinario (FLUDT, hematuria, estranguria, oliguria, Urolitiasis)","da07b0a1-53a8-42db-9c7a-748415bf9734"
"reason_for_ultrasound","Convulsiones","da07b0a1-53a8-42db-9c7a-748415bf9734"
"reason_for_ultrasound","Problemas endocrinos","da07b0a1-53a8-42db-9c7a-748415bf9734"
"reason_for_ultrasound","Examen anual geriátrico","da07b0a1-53a8-42db-9c7a-748415bf9734"
"reason_for_ultrasound","Traumatismo torácico","da07b0a1-53a8-42db-9c7a-748415bf9734"
"left_kidney","Relación Riñón Aorta","da07b0a1-53a8-42db-9c7a-748415bf9734"
"right_kidney","Alteración en relación cortical disminuida y medular aumentada sugerente de hidronefrosis","da07b0a1-53a8-42db-9c7a-748415bf9734"
"right_kidney","Tamaño y ubicación anatómica normal alojado en la fosa renal del lóbulo caudado  hepático","da07b0a1-53a8-42db-9c7a-748415bf9734"
"urinary_bladder","Aumentada de tamaño con contenido anecoico","da07b0a1-53a8-42db-9c7a-748415bf9734"
"urinary_bladder","Con abundante sedimento urinario","da07b0a1-53a8-42db-9c7a-748415bf9734"
"urinary_bladder","Presenta inflamación en pared vesical
 ","da07b0a1-53a8-42db-9c7a-748415bf9734"
"urinary_bladder","No evidencia líquido libre en el cuadrante cistocolico","da07b0a1-53a8-42db-9c7a-748415bf9734"
"urethra","Presenta dilatación de la uretra","da07b0a1-53a8-42db-9c7a-748415bf9734"
"uterus","Paredes con engrosamiento mayor a un cm de diámetro,","da07b0a1-53a8-42db-9c7a-748415bf9734"
"uterus","Sugerente de Piometra o Hiperplasia endometrial","da07b0a1-53a8-42db-9c7a-748415bf9734"
"uterus","Sugerente de mucometra, hidrómetra, Hemómetra","da07b0a1-53a8-42db-9c7a-748415bf9734"
"uterus","Colecta uterina interna con focos hiperecoicos en formas anulares","da07b0a1-53a8-42db-9c7a-748415bf9734"
"ovaries","Forma ovalada o redondeada de ecotextura hipoecoica","da07b0a1-53a8-42db-9c7a-748415bf9734"
"ovaries","Con presentación anecoica redondeada en su interior de presuntivo quiste o folículo de graff","da07b0a1-53a8-42db-9c7a-748415bf9734"
"ovaries","Quiste con reforzamiento posterior","da07b0a1-53a8-42db-9c7a-748415bf9734"
"mammary_glands","Presenta una estructura de ecotextura mixta glandular","da07b0a1-53a8-42db-9c7a-748415bf9734"
"mammary_glands","Con focos hiperecoicos, hipoecoicos y anecoicos desproporcionados","da07b0a1-53a8-42db-9c7a-748415bf9734"
"mammary_glands","En glandula mamaria izquierda","da07b0a1-53a8-42db-9c7a-748415bf9734"
"mammary_glands","En glandula mamaria derecha","da07b0a1-53a8-42db-9c7a-748415bf9734"
"mammary_glands","Tocacica craneal","da07b0a1-53a8-42db-9c7a-748415bf9734"
"mammary_glands","Toracica caudal","da07b0a1-53a8-42db-9c7a-748415bf9734"
"mammary_glands","Abdominal craneal","da07b0a1-53a8-42db-9c7a-748415bf9734"
"mammary_glands","Abdominal caudal","da07b0a1-53a8-42db-9c7a-748415bf9734"
"mammary_glands","Inguinal","da07b0a1-53a8-42db-9c7a-748415bf9734"
"mammary_glands","Lesiones focales Hipoecoicas compatibles con hiperplasia nodular, lipoma,  metástasis, carcinoma, adenoma, sarcoma, fibroadenoma","da07b0a1-53a8-42db-9c7a-748415bf9734"
"mammary_glands","Masa de ecogenicidad aumentada con bordes irregulares","da07b0a1-53a8-42db-9c7a-748415bf9734"
"mammary_glands","Múltiples estructuras de ecogenicidad aumentada con bordes irregulares","da07b0a1-53a8-42db-9c7a-748415bf9734"
"mammary_glands","Se sugiere realizar exéresis quirúrgica de la masa de glandula mamaria con estudio de histopatologia para descartar malignidad.","da07b0a1-53a8-42db-9c7a-748415bf9734"
"left_kidney","Con alteración en relación cortical disminuida y medular aumentada sugerente de hidronefrosis","da07b0a1-53a8-42db-9c7a-748415bf9734"
"colon","No evaluable","da07b0a1-53a8-42db-9c7a-748415bf9734"
"adrenal_glands","No se observaron adrenales reactivas durante este estudio.","da07b0a1-53a8-42db-9c7a-748415bf9734"
"diagnosis","Simetria de lobulos, parenquima homogeneo y econormal","da07b0a1-53a8-42db-9c7a-748415bf9734"
"diagnosis","Contorno irregular y contenido ligeramente hipoecoico sugerente de absceso prostatico","da07b0a1-53a8-42db-9c7a-748415bf9734"
"diagnosis","Corte longitudinal mide ___ mm   largo","da07b0a1-53a8-42db-9c7a-748415bf9734"
"diagnosis","Corte transversal mide ___ mm ancho y ___ mm alto","da07b0a1-53a8-42db-9c7a-748415bf9734"
"diagnosis","Considerablemente hipoecoico con relacion a la grasa periprostática","da07b0a1-53a8-42db-9c7a-748415bf9734"
"diagnosis","Uretra aparece como una pequeña porcion ecolúcida en el centro de la glandula, con una  estrecha banda de tejido hiperecoico adyacente.","da07b0a1-53a8-42db-9c7a-748415bf9734"
"diagnosis","Posición localizada en la cavidad pélvica,  alrededor del cuello vesical","da07b0a1-53a8-42db-9c7a-748415bf9734"
"diagnosis","Márgenes lisos y continuos","da07b0a1-53a8-42db-9c7a-748415bf9734"
"diagnosis","Relativamente hiperecoica","da07b0a1-53a8-42db-9c7a-748415bf9734"
"diagnosis","Relativa hipogenicidad difusa","da07b0a1-53a8-42db-9c7a-748415bf9734"
"diagnosis","La tabicación y la ecogenicidad del liquido son mas sugestivos de absceso que de quiste","da07b0a1-53a8-42db-9c7a-748415bf9734"
"breed","DPC","da07b0a1-53a8-42db-9c7a-748415bf9734"
"urinary_bladder","Con leve sedimento urinario","da07b0a1-53a8-42db-9c7a-748415bf9734"
"reason_for_ultrasound","Criptorquidia","da07b0a1-53a8-42db-9c7a-748415bf9734"
"liver","Los demás lóbulos hepáticos conservan bordes finos, sin exceder  sus límites","da07b0a1-53a8-42db-9c7a-748415bf9734"
"gallbladder","Con moderado contenido ecogénico de lodo biliar en proporción cercana al 50% de su interior","da07b0a1-53a8-42db-9c7a-748415bf9734"
"gallbladder","Contenido mixto anecoico y ecogénico móvil","da07b0a1-53a8-42db-9c7a-748415bf9734"
"left_kidney","Se observa signo del anillo medular","da07b0a1-53a8-42db-9c7a-748415bf9734"
"right_kidney","Se observa signo del anillo medular hiperecogenico (normal para algunas razas pequeñas)","da07b0a1-53a8-42db-9c7a-748415bf9734"
"conclusions","Realizar ecografía en 20 días posteriores al tratamiento para valorar evolución de _____ y cada 6 meses para monitoreo de ___","da07b0a1-53a8-42db-9c7a-748415bf9734"
"spleen","Estructura hipoecoica focal en cuerpo esplenico de _ mm diametro","da07b0a1-53a8-42db-9c7a-748415bf9734"
"stomach","Peristaltismo disminuido con retraso en vaciamiento gástrico","da07b0a1-53a8-42db-9c7a-748415bf9734"
"left_kidney","En corte longitudinal se mide tamaño en ancho ___mm y largo ___  mm con corteza renal de __mm","da07b0a1-53a8-42db-9c7a-748415bf9734"
"right_kidney","En corte longitudinal se mide tamaño en ancho ___mm y largo ___ mm, con corteza renal de __mm","da07b0a1-53a8-42db-9c7a-748415bf9734"
"liver","Ligeramente aumentados pero sin exceder el demarcación anatómica normal del estómago ni el riñón derecho","da07b0a1-53a8-42db-9c7a-748415bf9734"
"urinary_bladder","Evidencia liquido libre con focos ecogenicos de celularidad en el cuadrante cistocolico","da07b0a1-53a8-42db-9c7a-748415bf9734"
"breed","DPL","da07b0a1-53a8-42db-9c7a-748415bf9734"
"stomach","Con pared de grosor normal, peristaltismo normal, estratificación conservada y contenido gaseoso","da07b0a1-53a8-42db-9c7a-748415bf9734"
"small_intestine","Con contenido líquido intraluminal, estratificación conservada, pared de grosor normal, peristaltismo normal","da07b0a1-53a8-42db-9c7a-748415bf9734"
"colon","Contenido gaseoso, meteorismo.","da07b0a1-53a8-42db-9c7a-748415bf9734"
"urinary_bladder","Posición normal con moderado contenido anecoico, paredes conservadas hiperecogénicas","da07b0a1-53a8-42db-9c7a-748415bf9734"
"reason_for_ultrasound","Paciente Cardiópata con edema pulmonar alveolar, tuvo recientemente una recaída.","da07b0a1-53a8-42db-9c7a-748415bf9734"
"gallbladder","Contenido anecoico homogéneo (normal), forma de saco, distención moderada, pared ecogénica, íntegra, lisa, de espesor normal","da07b0a1-53a8-42db-9c7a-748415bf9734"
"left_kidney","Pequeñas áreas hiperecoicas medulares sin sombra acústica sugerentes de fibrosis por proceso senil","da07b0a1-53a8-42db-9c7a-748415bf9734"
"left_kidney","Pequeñas áreas hiperecoicas medulares con sombra acústica sugerentes de nefrolitiasis  y fibrosis por proceso senil","da07b0a1-53a8-42db-9c7a-748415bf9734"
"right_kidney","Pequeñas áreas hiperecoicas medulares con sombra acústica sugerentes de nefrolitiasis  y fibrosis por proceso senil","da07b0a1-53a8-42db-9c7a-748415bf9734"
"right_kidney","Pequeñas áreas hiperecoicas medulares sin sombra acústica sugerentes de fibrosis por proceso senil","da07b0a1-53a8-42db-9c7a-748415bf9734"
"major_vessels","En corazón se mide en diástole relación Aorta Aurícula izquierda (normal hasta 1.5)","da07b0a1-53a8-42db-9c7a-748415bf9734"
"urethra","En corte longitudinal a nivel prostático mantiene contorno estrecho.","da07b0a1-53a8-42db-9c7a-748415bf9734"
"left_kidney","Tamaño y ubicación anatómica normal, capsula de superficie lisa, regular y ecogénica, conserva buena relación y diferenciación corticomedular","da07b0a1-53a8-42db-9c7a-748415bf9734"
"pancreas","En corte longitudinal se mide tamaño en cuerpo de ancho ___ mm","da07b0a1-53a8-42db-9c7a-748415bf9734"
"sex","MACHO","da07b0a1-53a8-42db-9c7a-748415bf9734"
"spleen","No evaluable","da07b0a1-53a8-42db-9c7a-748415bf9734"
"conclusions","Monitoreo hospitalario para dar seguimiento al tránsito estomacal en curso.","da07b0a1-53a8-42db-9c7a-748415bf9734"
"right_kidney","Quiste en polo craneal de  __ x __mm de diámetro","da07b0a1-53a8-42db-9c7a-748415bf9734"
"right_kidney","Con la misma descripción ecográfica del riñón contralateral presentando alteración corticomedular","da07b0a1-53a8-42db-9c7a-748415bf9734"
"left_kidney","Alteración en relación cortical aumentada y medular disminuida sugerente de nefritis intersticial","da07b0a1-53a8-42db-9c7a-748415bf9734"
"left_kidney","En cortical presenta pequeñas áreas hiperecoicas difusas sin sombra acústica sugerentes de  fibrosis","da07b0a1-53a8-42db-9c7a-748415bf9734"
"spleen","Parénquima esplenico de  ecotextura isoecoica comparada con corteza renal","da07b0a1-53a8-42db-9c7a-748415bf9734"
"ovaries","Caudal al riñón izquierdo en  fosa ovárica se aprecia una estructura  morulada de múltiples quistes con refuerzo posterior de 8.88mm de ancho y 25.14mm de largo aproximados realizados en corte longitu","da07b0a1-53a8-42db-9c7a-748415bf9734"
"ovaries","Caudal al riñón derecho en  fosa ovárica se aprecias  una estructura  morulada de múltiples quistes con refuerzo posterior y cavitaciones internas, se mide en corte longitudinal 16.27mm de ancho y 36.","da07b0a1-53a8-42db-9c7a-748415bf9734"
"conclusions","Por las alteraciones en sistema reproductor, los quistes y la colecta en muñón uterino se recomienda realizar laparotomía exploratoria","da07b0a1-53a8-42db-9c7a-748415bf9734"
"uterus","No evaluable","da07b0a1-53a8-42db-9c7a-748415bf9734"
"right_kidney","No se observa por nerviosismo e intranquilidad en el examen, se recomienda realizar tricotomia para el siguiente examen ecografico","da07b0a1-53a8-42db-9c7a-748415bf9734"
"urethra","No evaluada","da07b0a1-53a8-42db-9c7a-748415bf9734"
"diagnosis","No evaluado","da07b0a1-53a8-42db-9c7a-748415bf9734"
"thyroid_glands","No evaluado","da07b0a1-53a8-42db-9c7a-748415bf9734"
"urinary_bladder","Se aprecian dos estructuras móviles  hiperecoicas con sombra acústica de 2 a 3 mm de diámetro sugerentes de litios vesicales.","da07b0a1-53a8-42db-9c7a-748415bf9734"
"urinary_bladder","Con leve contenido urinario se evalúa tamaño de pared vesical craneal __mm, pared ventral ___mm, pared dorsal ___mm","da07b0a1-53a8-42db-9c7a-748415bf9734"
"sex","HEMBRA ENTERA","da07b0a1-53a8-42db-9c7a-748415bf9734"
"reason_for_ultrasound","Con énfasis en sistema genito urinario","da07b0a1-53a8-42db-9c7a-748415bf9734"
"spleen","Excepto por una estructura hipoecoica focal en cuerpo esplenico de ___mm diametro","da07b0a1-53a8-42db-9c7a-748415bf9734"
"spleen","Capsula de predomineo lisa excepto por el quiste donde se torna irregular","da07b0a1-53a8-42db-9c7a-748415bf9734"
"spleen","Tamaño levemente aumentado","da07b0a1-53a8-42db-9c7a-748415bf9734"
"breed","PERSA EXOTICO","da07b0a1-53a8-42db-9c7a-748415bf9734"
"conclusions","Se recomienda realizar cita de consulta cardiología y panel cardiaco completo Rxs tórax  lateral y DV, Ecocardiografía, Electrocardiograma y medición de presión arterial.","da07b0a1-53a8-42db-9c7a-748415bf9734"
"reason_for_ultrasound","Ecografia abdominal por aborto","da07b0a1-53a8-42db-9c7a-748415bf9734"
"uterus","Con aumento del grosor en sus paredes, contenido ecogenico difuso sin movimiento ni focos en suspencion,","da07b0a1-53a8-42db-9c7a-748415bf9734"
"uterus","En utero izquierdo se observa una estructura anecoica encapsulada bien definida con aumento de grosor en su pared","da07b0a1-53a8-42db-9c7a-748415bf9734"
"uterus","Sugerente de maceracion fetal, retencion placentaria, metritis, loquios post parto","da07b0a1-53a8-42db-9c7a-748415bf9734"
"conclusions","Por la presentacion de aborto considerar riesgo de infeccion zoonotica por Brucella spp","da07b0a1-53a8-42db-9c7a-748415bf9734"
"lymph_nodes","Iliacos mediales","da07b0a1-53a8-42db-9c7a-748415bf9734"
"lymph_nodes","Pancreatico duodenales y yeyunales","da07b0a1-53a8-42db-9c7a-748415bf9734"
"urinary_bladder","Tanto en decubito dorsal como en cuadripedestacion","da07b0a1-53a8-42db-9c7a-748415bf9734"
"ovaries","No se observa ovario derecho","da07b0a1-53a8-42db-9c7a-748415bf9734"
"diagnosis","Tamaño pequeño atrofiado","da07b0a1-53a8-42db-9c7a-748415bf9734"
"stomach","Sugerente de gastritis urémica.","da07b0a1-53a8-42db-9c7a-748415bf9734"
"colon","Contenido gaseoso, en colon descendente y estratificación conservada.","da07b0a1-53a8-42db-9c7a-748415bf9734"
"conclusions","Se sugiere realizar Orquiectomia con estudio de histopatología para descartar malignidad de la gónada  criptórquida.","da07b0a1-53a8-42db-9c7a-748415bf9734"
"uterus","Ventral  a la vejiga se localiza el útero este se encuentra con","da07b0a1-53a8-42db-9c7a-748415bf9734"
"left_kidney","* la doble ecogenicidad cortical si no es acompañada de hallazgos anormales en su orina o químicas sanguíneas (Glucosa, Cre, BUN, Fosforo, ALT, FA)  podría","da07b0a1-53a8-42db-9c7a-748415bf9734"
"left_kidney","** considerarse un proceso normal individual en este paciente sin representar enfermedad, se sugiere realizar seguimiento cada 3 meses ecográficos renales.","da07b0a1-53a8-42db-9c7a-748415bf9734"
"left_kidney","En cortical presenta una área periférica de ecogenicidad reducida anecoica y un área central cortical hiperecoica  de relación iso ecogénica con respecto al hígado","da07b0a1-53a8-42db-9c7a-748415bf9734"
"conclusions","* la doble ecogenicidad cortical si no es acompañada de hallazgos anormales en su orina o químicas sanguíneas (Glucosa, Cre, BUN, Fosforo, ALT, FA)  podría","da07b0a1-53a8-42db-9c7a-748415bf9734"
"conclusions","** considerarse un proceso normal individual en este paciente sin representar enfermedad, se sugiere realizar seguimiento cada 3 meses ecográficos renales.","da07b0a1-53a8-42db-9c7a-748415bf9734"
"uterus","Sin colecta uterina y sin focos ecogénicos en suspensión, sugerente de diestro,  endometritis o Hiperplasia endometrial","da07b0a1-53a8-42db-9c7a-748415bf9734"
"uterus","En movimiento con amplia cantidad de líquido amniótico, fetos con esqueleto óseo bien definido, órganos abdominales diferenciables como hígado, riñones, vejiga urinaria, estómago y asas intestinales","da07b0a1-53a8-42db-9c7a-748415bf9734"
"uterus","Tomando esta última como mejor referencia estimada del parto y probabilidad de ser antes.","da07b0a1-53a8-42db-9c7a-748415bf9734"
"uterus","Pulmones ecogénicos con relación al parénquima hepático","da07b0a1-53a8-42db-9c7a-748415bf9734"
"breed","DACHSHUND","da07b0a1-53a8-42db-9c7a-748415bf9734"
"right_kidney","Se observa una pequeña área hiperecoica medular con sombra acústica sugerente de mineralización, nefrolitiasis o fibrosis","da07b0a1-53a8-42db-9c7a-748415bf9734"
"conclusions","Realizar ecografía de control en 6 meses y detallar ambos riñones para descartar mineralización, nefrolitiasis y/o fibrosis medular","da07b0a1-53a8-42db-9c7a-748415bf9734"
"ovaries","No se observaron ovarios durante este estudio.","da07b0a1-53a8-42db-9c7a-748415bf9734"
"ocular_study","Cámara anterior anecoica (normal)","da07b0a1-53a8-42db-9c7a-748415bf9734"
"ocular_study","Capsulas anterior y posterior del cristalino delgado y brillante (normal)","da07b0a1-53a8-42db-9c7a-748415bf9734"
"ocular_study","Humor vítreo anecoico (normal)","da07b0a1-53a8-42db-9c7a-748415bf9734"
"ocular_study","Pared posterior ojo brillante en  línea curva lisa sin estructuras hiperecoicas adyacentes (normal)","da07b0a1-53a8-42db-9c7a-748415bf9734"
"ocular_study","Cornea estructura lineal uniforme y moderadamente ecogénica","da07b0a1-53a8-42db-9c7a-748415bf9734"
"ocular_study","No se observa ninguna estructura brillante dentro de la cámara anterior o el cuerpo vítreo (normal)","da07b0a1-53a8-42db-9c7a-748415bf9734"
"ocular_study","Se observa material graso hiperecoico que rodea el nervio óptico hipoecoico (normal)","da07b0a1-53a8-42db-9c7a-748415bf9734"
"ocular_study","Medición de la vaina del nervio óptico","da07b0a1-53a8-42db-9c7a-748415bf9734"
"ocular_study","Cámara anterior profunda por presuntivo glaucoma y/o buftalmia crónica - aguda","da07b0a1-53a8-42db-9c7a-748415bf9734"
"ocular_study","Material ecogénico en cámara posterior por luxación del cristalino","da07b0a1-53a8-42db-9c7a-748415bf9734"
"ocular_study","Material ecogénico en cámara anterior por luxación del cristalino","da07b0a1-53a8-42db-9c7a-748415bf9734"
"ocular_study","Nódulo hiperecogénico en cámara anterior","da07b0a1-53a8-42db-9c7a-748415bf9734"
"ocular_study","Sinequias anteriores","da07b0a1-53a8-42db-9c7a-748415bf9734"
"ocular_study","Catarata intumescence","da07b0a1-53a8-42db-9c7a-748415bf9734"
"ocular_study","Cristalino ecogénico por presuntiva esclerosis nuclear","da07b0a1-53a8-42db-9c7a-748415bf9734"
"ocular_study","Estructuras ecogenicas en segmento posterior formando hebras finas, membranas, grumos y/o puntos en el humor vítreo por degeneración vítrea","da07b0a1-53a8-42db-9c7a-748415bf9734"
"ocular_study","Estructuras ecogenicas en segmento posterior por hemorragia de retina","da07b0a1-53a8-42db-9c7a-748415bf9734"
"ocular_study","Forma anormal del globo ocular por ruptura escleral o corneal","da07b0a1-53a8-42db-9c7a-748415bf9734"
"ocular_study","Forma anormal del globo ocular por encogimiento Tisis o micro oftalmia","da07b0a1-53a8-42db-9c7a-748415bf9734"
"ocular_study","Masa retrobulbar que mella focalmente el globo ocular","da07b0a1-53a8-42db-9c7a-748415bf9734"
"ocular_study","Notorio edema de la cabeza del nervio óptico","da07b0a1-53a8-42db-9c7a-748415bf9734"
"bones_others","La superficie medial del fémur se muestra como una línea curva hiperecoica brillante","da07b0a1-53a8-42db-9c7a-748415bf9734"
"bones_others","A nivel de la diáfisis media  se aprecia","da07b0a1-53a8-42db-9c7a-748415bf9734"
"major_vessels","Lumen anecoico alineado horizontal mente de la vena yugular","da07b0a1-53a8-42db-9c7a-748415bf9734"
"major_vessels","Liquido perivascular anecoico superficial a la vena por hematoma","da07b0a1-53a8-42db-9c7a-748415bf9734"
"major_vessels","Liquido perivascular anecoico superficial a la vena por hematoma","da07b0a1-53a8-42db-9c7a-748415bf9734"
"muscular_study","Liquido perivascular anecoico superficial a la vena por hematoma","da07b0a1-53a8-42db-9c7a-748415bf9734"
"bones_others","Se visualiza el hueso____  en su eje corto  y largo observando línea hiperecoica proximal a lo largo de la corteza ósea cuyo curso no evidencia alteraciones","da07b0a1-53a8-42db-9c7a-748415bf9734"
"bones_others","Se visualiza el hueso____  en su eje corto y largo observando línea hiperecoica proximal a lo largo de la corteza ósea cuyo curso  evidencia alteración en escalón que indicativo de fractura","da07b0a1-53a8-42db-9c7a-748415bf9734"
"bones_others","Imagen ecogénica compatible con cuerpo extraño","da07b0a1-53a8-42db-9c7a-748415bf9734"
"bones_others","Perdida de la línea ósea brillante anterior  sugerente de reacción perióstica y/o panosteitis","da07b0a1-53a8-42db-9c7a-748415bf9734"
"bones_others","Presenta quiste óseo","da07b0a1-53a8-42db-9c7a-748415bf9734"
"bones_others","Tumefacción de ecogenicidad mixta compatible con absceso","da07b0a1-53a8-42db-9c7a-748415bf9734"
"bones_others","Presencia de efusión articular","da07b0a1-53a8-42db-9c7a-748415bf9734"
"bones_others","Imagen en modo B en la cual se distingue una clara interrupción de la continuidad esperada en  línea hiperecoica proximal del periostio","da07b0a1-53a8-42db-9c7a-748415bf9734"
"muscular_study","Deformación indiferenciada de los planos musculares o no caracterizada de presentación ecogénica mixta","da07b0a1-53a8-42db-9c7a-748415bf9734"
"muscular_study","Evaluación de una tumefacción de tejido blando muscular con proceso inflamatorio anecogénico encapsulado","da07b0a1-53a8-42db-9c7a-748415bf9734"
"muscular_study","Perdida de continuidad de la pared muscular por hernia con anillo hiperecogénico","da07b0a1-53a8-42db-9c7a-748415bf9734"
"muscular_study","Contenido aéreo en tumefacción de tejido blando","da07b0a1-53a8-42db-9c7a-748415bf9734"
"muscular_study","Presencia de masa infiltrativa muscular con ecogenicidad mixta, estructuras trabeculadas con contenido anecoico","da07b0a1-53a8-42db-9c7a-748415bf9734"
"ocular_study","Hemorragia vítrea con material ecogénico presente en el segmento posterior","da07b0a1-53a8-42db-9c7a-748415bf9734"
"ocular_study","Desprendimiento de retina por la presencia de una línea irregular hiperecoica que se extiende desde y hacia la pared posterior del ojo","da07b0a1-53a8-42db-9c7a-748415bf9734"
"thorax_lungs","Perpendicular a las costillas se aprecia el signo del cocodrilo formado por las cabezas de costillas y el espacio intercostal interpuesto, la línea hiperecoica representa la interfase Pulmón - Pleura","da07b0a1-53a8-42db-9c7a-748415bf9734"
"abdominal_cavity","Imagen en espejo de hígado dentro del tórax que descarta presencia de efusión pleural","da07b0a1-53a8-42db-9c7a-748415bf9734"
"thorax_lungs","Presencia de efusión pleural en mediastino craneal","da07b0a1-53a8-42db-9c7a-748415bf9734"
"thorax_lungs","Evaluación ecográfica enfocada en el tórax de paciente con trauma (TFAST)","da07b0a1-53a8-42db-9c7a-748415bf9734"
"thorax_lungs","Signo de deslizamiento pleural positivo (normal)","da07b0a1-53a8-42db-9c7a-748415bf9734"
"thorax_lungs","Signo de escalón por desvió del signo de deslizamiento de la continuidad normal de Pulmón Pleura  sugerente de desgarro intercostal, trauma de pared torácica, alteración del espacio pleural o afección","da07b0a1-53a8-42db-9c7a-748415bf9734"
"thorax_lungs","Cohetes pulmonares o colas de cometa representativos de contusión pulmonar secundaria a trauma o edema intersticial en pacientes no traumatizados","da07b0a1-53a8-42db-9c7a-748415bf9734"
"thorax_lungs","Presenta signo de pulso pulmonar por deslizamiento hacia atrás y hacia adelante con cada latido cardiaco","da07b0a1-53a8-42db-9c7a-748415bf9734"
"thorax_lungs","Signo de punto pulmonar en tercio medio, tercio superior y tercio inferior torácico que establece diagnóstico de neumotórax masivo","da07b0a1-53a8-42db-9c7a-748415bf9734"
"thorax_lungs","Signo de punto pulmonar en tercio superior torácico que establece diagnóstico de neumotórax  parcial","da07b0a1-53a8-42db-9c7a-748415bf9734"
"thorax_lungs","Presencia de enfisema subcutáneo","da07b0a1-53a8-42db-9c7a-748415bf9734"
"thorax_lungs","Imagen en espejo de hígado dentro del tórax que descarta presencia de efusión pleural","da07b0a1-53a8-42db-9c7a-748415bf9734"
"thorax_lungs","Cohetes pulmonares confluentes fusionados en vista hepato diafragmática de patrón pulmón blanco","da07b0a1-53a8-42db-9c7a-748415bf9734"
"thorax_lungs","Efusión pericárdica donde el líquido contenido queda en evidencia por un borde hiperecoico compatible con el saco pericárdico que rodea el corazón","da07b0a1-53a8-42db-9c7a-748415bf9734"
"muscular_study","Deformación indiferenciada de los planos musculares o no caracterizada de presentación ecogénica mixta","da07b0a1-53a8-42db-9c7a-748415bf9734"
"muscular_study","Evaluación de una tumefacción de tejido blando muscular con proceso inflamatorio anecogénico encapsulado","da07b0a1-53a8-42db-9c7a-748415bf9734"
"muscular_study","Perdida de continuidad de la pared muscular por hernia con anillo hiperecogénico","da07b0a1-53a8-42db-9c7a-748415bf9734"
"muscular_study","Contenido aéreo en tumefacción de tejido blando","da07b0a1-53a8-42db-9c7a-748415bf9734"
"muscular_study","Presencia de masa infiltrativa muscular con ecogenicidad mixta, estructuras trabeculadas con contenido anecoico","da07b0a1-53a8-42db-9c7a-748415bf9734"
"thyroid_glands","Vista longitudinal  lóbulo tiroideo, medial a la arteria carótida, parénquima tiroideo ligeramente más ecogénico con textura fina que la musculatura cervical adyacente","da07b0a1-53a8-42db-9c7a-748415bf9734"
"thyroid_glands","Posición envuelta por una vaina hiperecogenica delgada","da07b0a1-53a8-42db-9c7a-748415bf9734"
"thyroid_glands","Músculos esternocefalicos y esterno hioideos están superficiales a la tiroides con características ecogénicas conservadas.","da07b0a1-53a8-42db-9c7a-748415bf9734"
"thyroid_glands","Características ecogénicas conservadas","da07b0a1-53a8-42db-9c7a-748415bf9734"
"thyroid_glands","Quistes foliculares tiroideos bilaterales 
 ","da07b0a1-53a8-42db-9c7a-748415bf9734"
"thyroid_glands","Glándula tiroidea izquierda presenta","da07b0a1-53a8-42db-9c7a-748415bf9734"
"thyroid_glands","Glándula tiroidea derecha presenta","da07b0a1-53a8-42db-9c7a-748415bf9734"
"thyroid_glands","Múltiples focos hiperecogénicos en la glándula","da07b0a1-53a8-42db-9c7a-748415bf9734"
"thyroid_glands","Múltiples focos hipoecogénicos en la glándula","da07b0a1-53a8-42db-9c7a-748415bf9734"
"thyroid_glands","Examen Doppler color de la glándula tiroidea que muestra un buen flujo sanguíneo parenquimatoso","da07b0a1-53a8-42db-9c7a-748415bf9734"
"thyroid_glands","Compatibilidad con adenomas paratiroideos","da07b0a1-53a8-42db-9c7a-748415bf9734"
"major_vessels","Lumen anecoico alineado horizontal mente de la vena yugular","da07b0a1-53a8-42db-9c7a-748415bf9734"
"major_vessels","Liquido perivascular anecoico superficial a la vena por hematoma","da07b0a1-53a8-42db-9c7a-748415bf9734"
"major_vessels","Gggggggggggggg","da07b0a1-53a8-42db-9c7a-748415bf9734"
"major_vessels","Liquido perivascular anecoico superficial a la vena por hematoma","da07b0a1-53a8-42db-9c7a-748415bf9734"
"major_vessels","Liquido perivascular anecoico superficial a la vena por hematoma","da07b0a1-53a8-42db-9c7a-748415bf9734"
"adrenal_glands","HIPOFUNCION MANIFIESTA","da07b0a1-53a8-42db-9c7a-748415bf9734"
"left_kidney","Plantilla 1
 ","da07b0a1-53a8-42db-9c7a-748415bf9734"
"left_kidney","Plantilla 1","da07b0a1-53a8-42db-9c7a-748415bf9734"
"gallbladder","Plantilla 1","da07b0a1-53a8-42db-9c7a-748415bf9734"
"gallbladder","Plantilla 2","da07b0a1-53a8-42db-9c7a-748415bf9734"
"spleen","Plantilla 1","da07b0a1-53a8-42db-9c7a-748415bf9734"
"urinary_bladder","Plantilla 1","da07b0a1-53a8-42db-9c7a-748415bf9734"
"bones_others","Plantilla 1","da07b0a1-53a8-42db-9c7a-748415bf9734"
"abdominal_cavity","Plantilla 1","da07b0a1-53a8-42db-9c7a-748415bf9734"
"ovaries","Plantilla 1
 ","da07b0a1-53a8-42db-9c7a-748415bf9734"
"left_kidney","Plantilla 2
 ","da07b0a1-53a8-42db-9c7a-748415bf9734"
"breed","DELFIN
 ","da07b0a1-53a8-42db-9c7a-748415bf9734"
"breed","MESTIZO","da07b0a1-53a8-42db-9c7a-748415bf9734"
"liver","Parrafo 1
 ","da07b0a1-53a8-42db-9c7a-748415bf9734"
"spleen","Plantilla 2","da07b0a1-53a8-42db-9c7a-748415bf9734"
"stomach","Parrafo 1
 ","da07b0a1-53a8-42db-9c7a-748415bf9734"
"stomach","Parrafo 2
 ","da07b0a1-53a8-42db-9c7a-748415bf9734"
"conclusions","Parrafo de conclusiones","da07b0a1-53a8-42db-9c7a-748415bf9734"
"spleen","Parrafo 1
 ","da07b0a1-53a8-42db-9c7a-748415bf9734"
"thyroid_glands","Flujo vascular -------","da07b0a1-53a8-42db-9c7a-748415bf9734"
"thyroid_glands","LLongitud del lobulo izquierdo ____","da07b0a1-53a8-42db-9c7a-748415bf9734"
"observations","Observacion 167","da07b0a1-53a8-42db-9c7a-748415bf9734"
"observations","Observacion 2
 ","da07b0a1-53a8-42db-9c7a-748415bf9734"
"conclusions","Recomendacion 1","da07b0a1-53a8-42db-9c7a-748415bf9734"
"diagnosis","Diag dif 1","da07b0a1-53a8-42db-9c7a-748415bf9734"
"conclusions","Impresion 1","da07b0a1-53a8-42db-9c7a-748415bf9734"
"stomach","GASTRO 1
 ","da07b0a1-53a8-42db-9c7a-748415bf9734"
"stomach","GASTRO 2","da07b0a1-53a8-42db-9c7a-748415bf9734"
"colon_notes","COLONO 1","da07b0a1-53a8-42db-9c7a-748415bf9734"
"colon_notes","COLONO 2
 ","da07b0a1-53a8-42db-9c7a-748415bf9734"
"diagnosis","hjsdeh dws mjdf dsfjmhsfv jfsv fsdv jfj vf fb bb","da07b0a1-53a8-42db-9c7a-748415bf9734"
"colon","Hinchazon tipo alfa","da07b0a1-53a8-42db-9c7a-748415bf9734"
"spleen","Parénquima homogenea","da07b0a1-53a8-42db-9c7a-748415bf9734"
"reason_for_ultrasound","Estudio de gestación
 ","da07b0a1-53a8-42db-9c7a-748415bf9734"
"spleen","Largo aumentado","da07b0a1-53a8-42db-9c7a-748415bf9734"
"small_intestine","Intestino agrandado tipo alfa","da07b0a1-53a8-42db-9c7a-748415bf9734"
"urethra","Hinchada por la parte dercha","da07b0a1-53a8-42db-9c7a-748415bf9734"
"small_intestine","Enfermedad tipo alfa","da07b0a1-53a8-42db-9c7a-748415bf9734"
"ovaries","Presenta ovario alfa","da07b0a1-53a8-42db-9c7a-748415bf9734"
"spleen","aumento de volumen","da07b0a1-53a8-42db-9c7a-748415bf9734"
"urinary_bladder","Se evidenció en su topografia habitual","da07b0a1-53a8-42db-9c7a-748415bf9734"
"stomach","Presenta aumento alfa","da07b0a1-53a8-42db-9c7a-748415bf9734"
"stomach","Parrafo 3
 ","da07b0a1-53a8-42db-9c7a-748415bf9734"
"referred_by","Clinica Suiza","da07b0a1-53a8-42db-9c7a-748415bf9734"
"breed","CRUZA","da07b0a1-53a8-42db-9c7a-748415bf9734"
"referred_by","CAMILA PAOLINI","da07b0a1-53a8-42db-9c7a-748415bf9734"
"equipment_used","MINDRAY KL","da07b0a1-53a8-42db-9c7a-748415bf9734"
"left_kidney","HHHHHHHHHDDDHDHDHHDH FFFF","da07b0a1-53a8-42db-9c7a-748415bf9734"
"gallbladder","Glaucoma
 ","da07b0a1-53a8-42db-9c7a-748415bf9734"
"urethra","Uretra tipo alfa","da07b0a1-53a8-42db-9c7a-748415bf9734"
"conclusions","Litiasis","da07b0a1-53a8-42db-9c7a-748415bf9734"
"conclusions","Neoplasia hepatica","da07b0a1-53a8-42db-9c7a-748415bf9734"
"thorax_lungs","Thjhjgfn fgn gfjhgfjhgfjkgf ngf gf gfjngfjgfjjgf ngf fgjgfjjgjjg","da07b0a1-53a8-42db-9c7a-748415bf9734"
"referred_by","CLINICA PARAGUAY
 ","da07b0a1-53a8-42db-9c7a-748415bf9734"
"spleen","Ancho disminuido","da07b0a1-53a8-42db-9c7a-748415bf9734"
"conclusions","Tumor de higado","da07b0a1-53a8-42db-9c7a-748415bf9734"
"conclusions","Tumor de bazo","da07b0a1-53a8-42db-9c7a-748415bf9734"
"equipment_used","SONOSCAPE ULTRA","da07b0a1-53a8-42db-9c7a-748415bf9734"
